"master_section","original_heading","original_start_line","original_section_sha256","requirement_summary","requirement_origin","source_basis","master_sha256","phase_and_criteria","phases","target_artifacts","mapping_status","original_text_verified","implementation_status","non_goal","limitations"
"1","CENTRAL OBJECTIVE","41","840bfdef316613b86c07c2c51f2c1edf6816264252c0a14bd756c9bc05eabf59","原文步骤、形式上下文、Lean前后状态与图双向定位，编辑真实重检；形式正确和作者忠实分开。","M","Full original Master read and mapped; Roadmap provides phase refinements","e3ff6b57f67b198f81cb8234aa835c9e5bf1c12c4c6a5a3763a8c60074141619","P05-01;P05-02;P06-05;P07-06","5;6;7","data/alignments/;tests/alignment/;tests/versioning/;docs/alignment-policy.md;tests/live-edit/;tests/race/;tests/sandbox/;benchmarks/lean-latency/;docs/security-boundary.md;docs/graph-prove-supported-subset.md;benchmarks/graph-prove/operations/;benchmarks/graph-prove/roundtrip/","PASS","true","NOT_RUN","false","Mapping PASS only; does not assert feature implementation, Lean verification or human review"
"2","NON-GOALS","95","7c0ef49fb576b8b92b0d520598b7f388af8b0f13a09dcac496a466f4c8fb19b3","传统博客、卡片、装饰图、无对齐编辑器、只可下载证明均不能替代主目标；视觉新颖不足以完成。","M","Full original Master read and mapped; Roadmap provides phase refinements","e3ff6b57f67b198f81cb8234aa835c9e5bf1c12c4c6a5a3763a8c60074141619","P03-01;P07-06;GLOBAL-NONGOALS","0;3;7","docs/current-state.md;docs/assumptions.md;docs/architecture-plan.md;docs/acceptance-criteria.md;docs/phases/phase-00/acceptance.json;data/visual-slice/;tests/navigation/;benchmarks/visual/;docs/graph-prove-supported-subset.md;benchmarks/graph-prove/operations/;benchmarks/graph-prove/roundtrip/","PASS","true","NOT_RUN","true","Mapping PASS only; does not assert feature implementation, Lean verification or human review"
"3","FIRST PRINCIPLE: PAGE IS NOT THE PRIMITIVE","120","b9d92467c9033c2fea9a3e165216d7784468df7b6b021cf9dffaddda1ede6406","23类核心对象；ViewState以focus/lens/resolution/localgraph/unfolding变换，URL保留但不主导交互。","M","Full original Master read and mapped; Roadmap provides phase refinements","e3ff6b57f67b198f81cb8234aa835c9e5bf1c12c4c6a5a3763a8c60074141619","P02-02;P03-01;P03-03","2;3","formal/;schemas/;data/formal/;docs/verification-policy.md;data/visual-slice/;tests/navigation/;benchmarks/visual/","PASS","true","NOT_RUN","false","Mapping PASS only; does not assert feature implementation, Lean verification or human review"
"4","KNOWLEDGE TOPOS INTERACTION MODEL","184","d598c585d20d722c49e61df1b15b0978f05b851096c724fd3d429804567b25c9","连续语境，至少五级语义信息，MVP三种指定视角；切换不改形式真值，Topos只是名称。","M","Full original Master read and mapped; Roadmap provides phase refinements","e3ff6b57f67b198f81cb8234aa835c9e5bf1c12c4c6a5a3763a8c60074141619","P03-01;P03-02;P03-03","2;3","formal/;schemas/;data/formal/;docs/verification-policy.md;data/visual-slice/;tests/navigation/;benchmarks/visual/","PASS","true","NOT_RUN","false","Mapping PASS only; does not assert feature implementation, Lean verification or human review"
"5","KNOWLEDGE GEOMETRY","266","1a8f7fb2c2ed9996c8423241f945c27cae31d86855d775ec0065944d08ac21ea","关系类型、方向、上下文、来源、形式/语义证据与置信分离；布局不是本体，对偶不等于排斥。","M","Full original Master read and mapped; Roadmap provides phase refinements","e3ff6b57f67b198f81cb8234aa835c9e5bf1c12c4c6a5a3763a8c60074141619","P02-03;P02-06;P03-01","2;3","formal/;schemas/;data/formal/;docs/verification-policy.md;data/visual-slice/;tests/navigation/;benchmarks/visual/","PASS","true","NOT_RUN","false","Mapping PASS only; does not assert feature implementation, Lean verification or human review"
"6","MULTIPLE MATHEMATICAL GRAPHS","324","1d06df5f7dde6d4e5a28d81cee7c88cd972285b186e34c430ad937ea466ca773","Module、Declaration、Structure、Proof、Semantic、Pedagogy六图互通不混淆。","M","Full original Master read and mapped; Roadmap provides phase refinements","e3ff6b57f67b198f81cb8234aa835c9e5bf1c12c4c6a5a3763a8c60074141619","P02-03;P05-06;P07-04","2;5;7","formal/;schemas/;data/formal/;docs/verification-policy.md;data/alignments/;tests/alignment/;tests/versioning/;docs/alignment-policy.md;docs/graph-prove-supported-subset.md;benchmarks/graph-prove/operations/;benchmarks/graph-prove/roundtrip/","PASS","true","NOT_RUN","false","Mapping PASS only; does not assert feature implementation, Lean verification or human review"
"7","LEAN 4 AS THE FORMAL TRUTH LAYER","367","f34baddfa9c6cb84a4861250a1ac6f5f9ec53dc053450a216a2248395ac774dc","Lean是形式证据层；不能模拟proofstate或诊断，不由AI/UI决定正确性。","M","Full original Master read and mapped; Roadmap provides phase refinements","e3ff6b57f67b198f81cb8234aa835c9e5bf1c12c4c6a5a3763a8c60074141619","P02-01;P02-04;P02-05;P06-01","2;6","formal/;schemas/;data/formal/;docs/verification-policy.md;tests/live-edit/;tests/race/;tests/sandbox/;benchmarks/lean-latency/;docs/security-boundary.md","PASS","true","NOT_RUN","false","Mapping PASS only; does not assert feature implementation, Lean verification or human review"
"8","LEAN TOOLCHAIN REPRODUCIBILITY","393","9969098351d1ead1cb0f897e6c6bcad5c762ca893779971fb3d94da5f6f0b4a9","每份形式工件绑定Lean/toolchain/Lake锁/依赖/提交/源版本/构建配置；变化失效。","M","Full original Master read and mapped; Roadmap provides phase refinements","e3ff6b57f67b198f81cb8234aa835c9e5bf1c12c4c6a5a3763a8c60074141619","P02-01;P02-06;P04-04;P10-05","2;4;10","formal/;schemas/;data/formal/;docs/verification-policy.md;notes/benchmark-12/;data/notes/;benchmarks/notes/manifest.json;reviews/notes/;benchmarks/scale/;docs/scale-report.md;docs/release-gate.md;docs/deployment.md","PASS","true","NOT_RUN","false","Mapping PASS only; does not assert feature implementation, Lean verification or human review"
"9","PROOF COMPLETENESS POLICY","415","979c0ea397a8f66363a905eba21e4dddb7d6ce54b28320408208752cb2d8d369","发布禁止未闭合目标、占位与未授权公理，暴露传递公理；学生未完成保持INCOMPLETE。","M","Full original Master read and mapped; Roadmap provides phase refinements","e3ff6b57f67b198f81cb8234aa835c9e5bf1c12c4c6a5a3763a8c60074141619","P02-05;P06-01;GLOBAL-INTEGRITY","2;6","formal/;schemas/;data/formal/;docs/verification-policy.md;tests/live-edit/;tests/race/;tests/sandbox/;benchmarks/lean-latency/;docs/security-boundary.md","PASS","true","NOT_RUN","false","Mapping PASS only; does not assert feature implementation, Lean verification or human review"
"10","EXECUTABLE MATHEMATICAL NOTES","446","9e4e05804df1e9153613f8ff77bb5f5fa151669090aaf5c26deb30b0c8e4193f","定理单元包括原文/形式陈述及证明、步骤、对齐、状态、依赖、图、替代、证据和版本，渐进展开。","M","Full original Master read and mapped; Roadmap provides phase refinements","e3ff6b57f67b198f81cb8234aa835c9e5bf1c12c4c6a5a3763a8c60074141619","P04-01;P04-02;P04-05","4","notes/benchmark-12/;data/notes/;benchmarks/notes/manifest.json;reviews/notes/","PASS","true","NOT_RUN","false","Mapping PASS only; does not assert feature implementation, Lean verification or human review"
"11","PROOF ALIGNMENT LAYER","476","a13aea97b31fb1ee9aa820e2af24271689726030053b0bab049723c5dda3f486","多对多对齐包含prose/formal/proofnode IDs、范围、前后状态、假设、策略、审阅与证据；不用行号唯一定位。","M","Full original Master read and mapped; Roadmap provides phase refinements","e3ff6b57f67b198f81cb8234aa835c9e5bf1c12c4c6a5a3763a8c60074141619","P05-01;P05-02;P05-04;P05-06","5","data/alignments/;tests/alignment/;tests/versioning/;docs/alignment-policy.md","PASS","true","NOT_RUN","false","Mapping PASS only; does not assert feature implementation, Lean verification or human review"
"12","TWO INDEPENDENT STATUS DIMENSIONS","527","b059057ad7b152c542ea44e1e57572671689d42163c59a453318633eed81c03a","形式验证六态与作者对齐六态独立，不合并绿勾。","M","Full original Master read and mapped; Roadmap provides phase refinements","e3ff6b57f67b198f81cb8234aa835c9e5bf1c12c4c6a5a3763a8c60074141619","P02-05;P05-05;P06-05","2;5;6","formal/;schemas/;data/formal/;docs/verification-policy.md;data/alignments/;tests/alignment/;tests/versioning/;docs/alignment-policy.md;tests/live-edit/;tests/race/;tests/sandbox/;benchmarks/lean-latency/;docs/security-boundary.md","PASS","true","NOT_RUN","false","Mapping PASS only; does not assert feature implementation, Lean verification or human review"
"13","AUTHOR-FAITHFUL FORMALIZATION","565","e6fe5b530b1665c22cfc7fe62cf30d3912a63ebc9e29cb830ced648240a87e2b","默认保留作者路线，区分忠实形式化、实现细节、补充步骤、替代证明；报告原证明缺口。","M","Full original Master read and mapped; Roadmap provides phase refinements","e3ff6b57f67b198f81cb8234aa835c9e5bf1c12c4c6a5a3763a8c60074141619","P04-03;P04-06;P05-03","4;5","notes/benchmark-12/;data/notes/;benchmarks/notes/manifest.json;reviews/notes/;data/alignments/;tests/alignment/;tests/versioning/;docs/alignment-policy.md","PASS","true","NOT_RUN","false","Mapping PASS only; does not assert feature implementation, Lean verification or human review"
"14","LIVE LEAN ENVIRONMENT FOR STUDENTS","586","e3c4b8adbd6bc599c76b68aba9cc1c152a8576f829b7ee44ddba09dc74a2e148","发布阅读使用版本化预计算证据；编辑模式真实运行Lean并区分学生与作者版本。","M","Full original Master read and mapped; Roadmap provides phase refinements","e3ff6b57f67b198f81cb8234aa835c9e5bf1c12c4c6a5a3763a8c60074141619","P04-05;P06-01;P06-05;P06-06","4;6","notes/benchmark-12/;data/notes/;benchmarks/notes/manifest.json;reviews/notes/;tests/live-edit/;tests/race/;tests/sandbox/;benchmarks/lean-latency/;docs/security-boundary.md","PASS","true","NOT_RUN","false","Mapping PASS only; does not assert feature implementation, Lean verification or human review"
"15","LEAN INTEGRATION RESEARCH TASK","612","70088d1bd51a83ad6082fcbc91193418dcbd471e256166e777f256a6f48870fa","调查当前Lean生态版本/维护/许可证/边界/性能/失败模式，断网明确BLOCKED。","M","Full original Master read and mapped; Roadmap provides phase refinements","e3ff6b57f67b198f81cb8234aa835c9e5bf1c12c4c6a5a3763a8c60074141619","P00-03;P02-01;P06-03","0;2;6","docs/current-state.md;docs/assumptions.md;docs/architecture-plan.md;docs/acceptance-criteria.md;docs/phases/phase-00/acceptance.json;formal/;schemas/;data/formal/;docs/verification-policy.md;tests/live-edit/;tests/race/;tests/sandbox/;benchmarks/lean-latency/;docs/security-boundary.md","PASS","true","NOT_RUN","false","Mapping PASS only; does not assert feature implementation, Lean verification or human review"
"16","LEAN EXECUTION SECURITY","658","de08fbc602bb6f88ae449c1a243e646dcbf3bdae95b1908831c9c3473645ea1c","不可信学生代码必须有进程/会话/文件/网络隔离、CPU内存时间限制，无宿主凭据与发布写权限。","M","Full original Master read and mapped; Roadmap provides phase refinements","e3ff6b57f67b198f81cb8234aa835c9e5bf1c12c4c6a5a3763a8c60074141619","P06-03;P07-07;P10-06","6;7;10","tests/live-edit/;tests/race/;tests/sandbox/;benchmarks/lean-latency/;docs/security-boundary.md;docs/graph-prove-supported-subset.md;benchmarks/graph-prove/operations/;benchmarks/graph-prove/roundtrip/;benchmarks/scale/;docs/scale-report.md;docs/release-gate.md;docs/deployment.md","PASS","true","NOT_RUN","false","Mapping PASS only; does not assert feature implementation, Lean verification or human review"
"17","GRAPH PROVE","680","0230b5e7999492a95d1f81db9af1b5c57c628d7873aebbc4acb9db818dda9771","Graph Prove从图操作生成形式义务并经Lean检查，不是只展示完成证明。","M","Full original Master read and mapped; Roadmap provides phase refinements","e3ff6b57f67b198f81cb8234aa835c9e5bf1c12c4c6a5a3763a8c60074141619","P07-01;P07-02;P07-06","7","docs/graph-prove-supported-subset.md;benchmarks/graph-prove/operations/;benchmarks/graph-prove/roundtrip/","PASS","true","NOT_RUN","false","Mapping PASS only; does not assert feature implementation, Lean verification or human review"
"18","PROOF GRAPH SEMANTICS","700","30a7781d60424c5746648e16bd50edcb51317be75cea36042bc4e2ced429d65c","证明图记录局部上下文、变量、类型、目标、作用域、分支、多前提与见证；类型化图/超图/DAG候选须论证。","M","Full original Master read and mapped; Roadmap provides phase refinements","e3ff6b57f67b198f81cb8234aa835c9e5bf1c12c4c6a5a3763a8c60074141619","P02-04;P07-03;P07-04","2;7","formal/;schemas/;data/formal/;docs/verification-policy.md;docs/graph-prove-supported-subset.md;benchmarks/graph-prove/operations/;benchmarks/graph-prove/roundtrip/","PASS","true","NOT_RUN","false","Mapping PASS only; does not assert feature implementation, Lean verification or human review"
"19","GRAPH PROVE MVP OPERATIONS","729","9567707f72492fe4d765421ca98b9f1844f3ee810046fd90cda03eba132fb988","八类图操作：引入、应用、exact、重写、构造、分类、归纳、中间引理；不支持项明确标注。","M","Full original Master read and mapped; Roadmap provides phase refinements","e3ff6b57f67b198f81cb8234aa835c9e5bf1c12c4c6a5a3763a8c60074141619","P07-01;P07-02","7","docs/graph-prove-supported-subset.md;benchmarks/graph-prove/operations/;benchmarks/graph-prove/roundtrip/","PASS","true","NOT_RUN","false","Mapping PASS only; does not assert feature implementation, Lean verification or human review"
"20","GRAPH PROVE EVIDENCE","748","20db442b7f53a22458eb41b61db7cf2aecbd879c8d7460fc15efda2afdde0837","已验证推理边必须指向实际形式片段、声明、项或检查义务；连通不等于证明。","M","Full original Master read and mapped; Roadmap provides phase refinements","e3ff6b57f67b198f81cb8234aa835c9e5bf1c12c4c6a5a3763a8c60074141619","P07-04","7","docs/graph-prove-supported-subset.md;benchmarks/graph-prove/operations/;benchmarks/graph-prove/roundtrip/","PASS","true","NOT_RUN","false","Mapping PASS only; does not assert feature implementation, Lean verification or human review"
"21","GRAPH PROVE ROUND-TRIP","764","63970d3bf1aeb40d7a80ede7d13a4bebc1752927af507364555a13a0b7bf2c7b","受支持子集Graph→Lean→Graph语义往返保持陈述/上下文/作用域/依赖/分支/状态，不要求文本相同。","M","Full original Master read and mapped; Roadmap provides phase refinements","e3ff6b57f67b198f81cb8234aa835c9e5bf1c12c4c6a5a3763a8c60074141619","P07-03","7","docs/graph-prove-supported-subset.md;benchmarks/graph-prove/operations/;benchmarks/graph-prove/roundtrip/","PASS","true","NOT_RUN","false","Mapping PASS only; does not assert feature implementation, Lean verification or human review"
"22","PROOF SEMANTIC ZOOM","793","120e8e628927346cb96e59ae76a93c68978a62797aa0f73847c2a2d2f0376bc4","证明语义缩放可回到具体步骤/状态，折叠保留来源与形式边界。","M","Full original Master read and mapped; Roadmap provides phase refinements","e3ff6b57f67b198f81cb8234aa835c9e5bf1c12c4c6a5a3763a8c60074141619","P07-05;P09-C","7;9","docs/graph-prove-supported-subset.md;benchmarks/graph-prove/operations/;benchmarks/graph-prove/roundtrip/;research/phase-9/;research/phase-9/index.md","PASS","true","NOT_RUN","false","Mapping PASS only; does not assert feature implementation, Lean verification or human review"
"23","BOURBAKI FORMALIZATION LAYER","827","ecde09d9e010837921e0c73d8522a1ed416f684f24b51d6642ea79604fc02b03","结构化重组形式库，检查实际假设、原始定义、重复抽象、过强结构、共同构造与模块边界。","M","Full original Master read and mapped; Roadmap provides phase refinements","e3ff6b57f67b198f81cb8234aa835c9e5bf1c12c4c6a5a3763a8c60074141619","P08-01;P08-02;P08-03","8","docs/bourbaki-analysis.md;analysis/dependency-report.json;experiments/hypothesis-weakening/;analysis/abstraction-candidates.json","PASS","true","NOT_RUN","false","Mapping PASS only; does not assert feature implementation, Lean verification or human review"
"24","DEPENDENCY MICROSCOPY","855","fe48ffea0ba51703ed4e780072110d83e40b1df159001471f386ca8fef9c8698","类型、体、类型类、模块、语义和教学依赖分开，不能都由文本相似生成。","M","Full original Master read and mapped; Roadmap provides phase refinements","e3ff6b57f67b198f81cb8234aa835c9e5bf1c12c4c6a5a3763a8c60074141619","P02-03;P08-01","2;8","formal/;schemas/;data/formal/;docs/verification-policy.md;docs/bourbaki-analysis.md;analysis/dependency-report.json;experiments/hypothesis-weakening/;analysis/abstraction-candidates.json","PASS","true","NOT_RUN","false","Mapping PASS only; does not assert feature implementation, Lean verification or human review"
"25","HYPOTHESIS WEAKENING","874","93026663c6c31e3fd0c55805a0a2d3d87d62b532b7ea708f5c981ee3915f49e7","弱化实验明确搜索空间与预算；四类科学结果分开，证明失败不等于假。","M","Full original Master read and mapped; Roadmap provides phase refinements","e3ff6b57f67b198f81cb8234aa835c9e5bf1c12c4c6a5a3763a8c60074141619","P08-02;P09-D","8;9","docs/bourbaki-analysis.md;analysis/dependency-report.json;experiments/hypothesis-weakening/;analysis/abstraction-candidates.json;research/phase-9/;research/phase-9/index.md","PASS","true","NOT_RUN","false","Mapping PASS only; does not assert feature implementation, Lean verification or human review"
"26","VERIFIED ABSTRACTION DISCOVERY","911","32096e07a1ec2e2f7df47b5acba9ddbe7049cb9c73b8fa101d3d9f7d6117a586","抽象成功要求一般陈述/一般证明及至少三个原实例的形式推导，可得时有保留例。","M","Full original Master read and mapped; Roadmap provides phase refinements","e3ff6b57f67b198f81cb8234aa835c9e5bf1c12c4c6a5a3763a8c60074141619","P08-03;P09-E","8;9","docs/bourbaki-analysis.md;analysis/dependency-report.json;experiments/hypothesis-weakening/;analysis/abstraction-candidates.json;research/phase-9/;research/phase-9/index.md","PASS","true","NOT_RUN","false","Mapping PASS only; does not assert feature implementation, Lean verification or human review"
"27","CROSS-THEORY TRANSPORT","947","46a9351c465a9ab82d5408e83d3ab360f082b5ad3c0c00cf02be481d7f309b7c","跨理论传输需真实接口与保持条件，不靠名称/语义相似。","M","Full original Master read and mapped; Roadmap provides phase refinements","e3ff6b57f67b198f81cb8234aa835c9e5bf1c12c4c6a5a3763a8c60074141619","P09-F","9","research/phase-9/;research/phase-9/index.md","PASS","true","NOT_RUN","false","Mapping PASS only; does not assert feature implementation, Lean verification or human review"
"28","PROOF COMPARISON","970","2dbe774774337083fb1b79b85e26c00d81cb1010e9de38f32b5f996a6f24e1e2","多证明共存并保存策略/依赖/结构/一般性/教学性；proof irrelevance不等于策略相同。","M","Full original Master read and mapped; Roadmap provides phase refinements","e3ff6b57f67b198f81cb8234aa835c9e5bf1c12c4c6a5a3763a8c60074141619","P05-06;P09-A;P09-E","5;9","data/alignments/;tests/alignment/;tests/versioning/;docs/alignment-policy.md;research/phase-9/;research/phase-9/index.md","PASS","true","NOT_RUN","false","Mapping PASS only; does not assert feature implementation, Lean verification or human review"
"29","MATHEMATICAL KNOWLEDGE EMERGENCE","994","6ac244edd1f041a2d5e7edf0c258008b65402f978be20572a7e0a0ee512c29ad","涌现来自可追溯共同结构/图群落等；视觉区域不授予定理/新领域/已验证抽象身份。","M","Full original Master read and mapped; Roadmap provides phase refinements","e3ff6b57f67b198f81cb8234aa835c9e5bf1c12c4c6a5a3763a8c60074141619","P03-01;P03-02;P08-03;P09-E","3;8;9","data/visual-slice/;tests/navigation/;benchmarks/visual/;docs/bourbaki-analysis.md;analysis/dependency-report.json;experiments/hypothesis-weakening/;analysis/abstraction-candidates.json;research/phase-9/;research/phase-9/index.md","PASS","true","NOT_RUN","false","Mapping PASS only; does not assert feature implementation, Lean verification or human review"
"30","MATHEMATICS-WIDE ONTOLOGY","1031","44358c420761e1583d1fbc8fc4f89602b52400826a79637decb939d7790cb106","数学全景覆盖经典/现代/专门/前沿/物理/形式基础/理论CS/应用，不能只凭模型记忆。","M","Full original Master read and mapped; Roadmap provides phase refinements","e3ff6b57f67b198f81cb8234aa835c9e5bf1c12c4c6a5a3763a8c60074141619","P01-02;P01-03;P01-04","1","ontology/math_outline.md;ontology/math_registry.json;ontology/audit.json","PASS","true","NOT_RUN","false","Mapping PASS only; does not assert feature implementation, Lean verification or human review"
"31","MATHEMATICAL LANDSCAPE RESEARCH SOURCES","1055","142c1e7607f3e5a3808d94ff3c0ceeb8e5b1ad42c6592d82b396cc809c7b3df8","实际核查官方分类、研究机构、会议/期刊/书籍/综述等来源，前沿用近期证据。","M","Full original Master read and mapped; Roadmap provides phase refinements","e3ff6b57f67b198f81cb8234aa835c9e5bf1c12c4c6a5a3763a8c60074141619","P01-03;P01-04;P01-05","1","ontology/math_outline.md;ontology/math_registry.json;ontology/audit.json","PASS","true","NOT_RUN","false","Mapping PASS only; does not assert feature implementation, Lean verification or human review"
"32","ONTOLOGY PHASE OUTPUT FORMAT","1087","2ff3a9ea788a48200b05201580d9592bcb65c7f4f4d43d1c3bf53c0b171289c5","三个工件：纯标题大纲、稳定注册表、基准/来源/前沿/缺口审计；标题内无说明/证明/引用。","M","Full original Master read and mapped; Roadmap provides phase refinements","e3ff6b57f67b198f81cb8234aa835c9e5bf1c12c4c6a5a3763a8c60074141619","P01-01;P01-06","1","ontology/math_outline.md;ontology/math_registry.json;ontology/audit.json","PASS","true","NOT_RUN","false","Mapping PASS only; does not assert feature implementation, Lean verification or human review"
"33","MATHEMATICS COVERAGE METRICS","1146","2fdd4833521d8e7c317dad13465b1c85b5a8af1b21bfa0c45312f8131213a16c","MSC一级与arXiv已取得分类映射100%，每个实质节点有支持来源；不宣称100%数学。","M","Full original Master read and mapped; Roadmap provides phase refinements","e3ff6b57f67b198f81cb8234aa835c9e5bf1c12c4c6a5a3763a8c60074141619","P01-02;P01-03","1","ontology/math_outline.md;ontology/math_registry.json;ontology/audit.json","PASS","true","NOT_RUN","false","Mapping PASS only; does not assert feature implementation, Lean verification or human review"
"34","FRONTIER AUDIT","1182","8ac9098ee3ca8968743bc9953e72953cad125c97ed6476e7081a569c552e1ed1","十二宏区各至少两个活跃前沿，有实质近期证据；不足明确不确定。","M","Full original Master read and mapped; Roadmap provides phase refinements","e3ff6b57f67b198f81cb8234aa835c9e5bf1c12c4c6a5a3763a8c60074141619","P01-04;P01-05","1","ontology/math_outline.md;ontology/math_registry.json;ontology/audit.json","PASS","true","NOT_RUN","false","Mapping PASS only; does not assert feature implementation, Lean verification or human review"
"35","FIRST KNOWLEDGE-TOPOS VISUAL PROTOTYPE","1211","bb590bc9aeeed479338d750cfcf0c632c51a44e3d6c04b3ba2c9e63f25921eb9","先做Group→Action→Representation连续小切片，成功前不扩张千节点。","M","Full original Master read and mapped; Roadmap provides phase refinements","e3ff6b57f67b198f81cb8234aa835c9e5bf1c12c4c6a5a3763a8c60074141619","P03-01;P03-02;P03-03","3","data/visual-slice/;tests/navigation/;benchmarks/visual/","PASS","true","NOT_RUN","false","Mapping PASS only; does not assert feature implementation, Lean verification or human review"
"36","VISUAL ACCEPTANCE CRITERIA","1259","3a56ab069460a5efa98ba6ae6c922222e06e173946d1f354f50a98e13b6d0350","150可见概念/400关系固定场景，median≥45FPS、约1.2秒稳定、无漂移/清屏，必须实测。","M","Full original Master read and mapped; Roadmap provides phase refinements","e3ff6b57f67b198f81cb8234aa835c9e5bf1c12c4c6a5a3763a8c60074141619","P03-04;P03-05;P10-04","3;10","data/visual-slice/;tests/navigation/;benchmarks/visual/;benchmarks/scale/;docs/scale-report.md;docs/release-gate.md;docs/deployment.md","PASS","true","NOT_RUN","false","Mapping PASS only; does not assert feature implementation, Lean verification or human review"
"37","ACCESSIBILITY AND READING QUALITY","1289","33148f7b1b8d8e1394e4fab11b5758f1966ef0c0b49514e8659e686e17b0f178","键盘、减少动画、冻结布局、高对比、焦点与文本选择；无需动画也可读证明。","M","Full original Master read and mapped; Roadmap provides phase refinements","e3ff6b57f67b198f81cb8234aa835c9e5bf1c12c4c6a5a3763a8c60074141619","P03-06","3","data/visual-slice/;tests/navigation/;benchmarks/visual/","PASS","true","NOT_RUN","false","Mapping PASS only; does not assert feature implementation, Lean verification or human review"
"38","INITIAL EXECUTABLE-NOTES BENCHMARK","1310","9effff0e0db16ac5334b32073e357ad3579c143cabe086bd96dc31cf0b436664","至少12定理/4主题/6证明模式/60实质步骤，完整原文/形式/对齐/图/证据，不按语法凑数。","M","Full original Master read and mapped; Roadmap provides phase refinements","e3ff6b57f67b198f81cb8234aa835c9e5bf1c12c4c6a5a3763a8c60074141619","P04-01;P04-02","4","notes/benchmark-12/;data/notes/;benchmarks/notes/manifest.json;reviews/notes/","PASS","true","NOT_RUN","false","Mapping PASS only; does not assert feature implementation, Lean verification or human review"
"39","ALIGNMENT ACCEPTANCE CRITERIA","1352","d27659d20b8925510df35dbf1fbcd3511ba79bcfe60ff670f85c28ca4a358eed","十二单元冻结集所有原文步骤→全部形式对应和反向导航均100%；不外推通用准确率。","M","Full original Master read and mapped; Roadmap provides phase refinements","e3ff6b57f67b198f81cb8234aa835c9e5bf1c12c4c6a5a3763a8c60074141619","P05-01;P05-02","5","data/alignments/;tests/alignment/;tests/versioning/;docs/alignment-policy.md","PASS","true","NOT_RUN","false","Mapping PASS only; does not assert feature implementation, Lean verification or human review"
"40","AUTHOR-FAITHFULNESS TEST","1382","3ad487972c1cccef135b8a4ad3d0ab63cc9945f60276c6a5deaff60c5fa2727d","至少12对同结论不同策略，错误标忠于作者为0。","M","Full original Master read and mapped; Roadmap provides phase refinements","e3ff6b57f67b198f81cb8234aa835c9e5bf1c12c4c6a5a3763a8c60074141619","P04-06;P05-03","4;5","notes/benchmark-12/;data/notes/;benchmarks/notes/manifest.json;reviews/notes/;data/alignments/;tests/alignment/;tests/versioning/;docs/alignment-policy.md","PASS","true","NOT_RUN","false","Mapping PASS only; does not assert feature implementation, Lean verification or human review"
"41","LIVE-EDIT ACCEPTANCE TEST","1413","8108d8a0be63f750fb3a176f29cf923888fa9125a169f6f6da3186a471816d80","至少60真实编辑用例包含有效/语法/类型/应用/未闭合/假设/重写/修复，状态与Lean100%一致。","M","Full original Master read and mapped; Roadmap provides phase refinements","e3ff6b57f67b198f81cb8234aa835c9e5bf1c12c4c6a5a3763a8c60074141619","P06-01","6","tests/live-edit/;tests/race/;tests/sandbox/;benchmarks/lean-latency/;docs/security-boundary.md","PASS","true","NOT_RUN","false","Mapping PASS only; does not assert feature implementation, Lean verification or human review"
"42","STALE-RESULT RACE CONDITION TEST","1444","a577d01ba5d96f291a38ead9ef107c17c94aa5442edb2aced37f4504ecef14d3","至少30快速乱序编辑序列，旧响应覆盖当前修订为0。","M","Full original Master read and mapped; Roadmap provides phase refinements","e3ff6b57f67b198f81cb8234aa835c9e5bf1c12c4c6a5a3763a8c60074141619","P06-02","6","tests/live-edit/;tests/race/;tests/sandbox/;benchmarks/lean-latency/;docs/security-boundary.md","PASS","true","NOT_RUN","false","Mapping PASS only; does not assert feature implementation, Lean verification or human review"
"43","INTERACTIVE LEAN PERFORMANCE TARGET","1466","925d5391cb95bc9f32b84cf97da461d3caed16c2dcf37bb859594f0561bb6983","固定预热环境编辑延迟p50≤1.5s/p95≤4s，实测瓶颈；只读阅读不依赖实时编译。","M","Full original Master read and mapped; Roadmap provides phase refinements","e3ff6b57f67b198f81cb8234aa835c9e5bf1c12c4c6a5a3763a8c60074141619","P06-04;P06-06;P10-04","6;10","tests/live-edit/;tests/race/;tests/sandbox/;benchmarks/lean-latency/;docs/security-boundary.md;benchmarks/scale/;docs/scale-report.md;docs/release-gate.md;docs/deployment.md","PASS","true","NOT_RUN","false","Mapping PASS only; does not assert feature implementation, Lean verification or human review"
"44","GRAPH PROVE TEST CORPUS","1487","7c9aa9e31d12f3c4945da6e97bede088543c220b11a540a5f1d6045c6a9b4ae9","八操作每类10有效/8无效，共80/64/144；有效义务及补全路线通过，无效拒绝或不验证。","M","Full original Master read and mapped; Roadmap provides phase refinements","e3ff6b57f67b198f81cb8234aa835c9e5bf1c12c4c6a5a3763a8c60074141619","P07-01;P07-02","7","docs/graph-prove-supported-subset.md;benchmarks/graph-prove/operations/;benchmarks/graph-prove/roundtrip/","PASS","true","NOT_RUN","false","Mapping PASS only; does not assert feature implementation, Lean verification or human review"
"45","GRAPH-PROOF ROUND-TRIP BENCHMARK","1517","dd365f62ab65f24ff7f4835718bdc80ce138fdfa2de961829aa74b41cfb5e947","至少40受支持证明工件往返，逐字段保持陈述/上下文/作用域/依赖/分支/状态。","M","Full original Master read and mapped; Roadmap provides phase refinements","e3ff6b57f67b198f81cb8234aa835c9e5bf1c12c4c6a5a3763a8c60074141619","P07-03","7","docs/graph-prove-supported-subset.md;benchmarks/graph-prove/operations/;benchmarks/graph-prove/roundtrip/","PASS","true","NOT_RUN","false","Mapping PASS only; does not assert feature implementation, Lean verification or human review"
"46","REPRODUCIBILITY TEST","1552","7be9fba8d05b7f61ce1128702fedae08bb2b2e9d12cac79142f30e7db4f5dbfc","两个干净独立环境各12/12验证，记录toolchain/lock/commit/platform/date。","M","Full original Master read and mapped; Roadmap provides phase refinements","e3ff6b57f67b198f81cb8234aa835c9e5bf1c12c4c6a5a3763a8c60074141619","P04-04;P10-05","4;6;10","notes/benchmark-12/;data/notes/;benchmarks/notes/manifest.json;reviews/notes/;tests/live-edit/;tests/race/;tests/sandbox/;benchmarks/lean-latency/;docs/security-boundary.md;benchmarks/scale/;docs/scale-report.md;docs/release-gate.md;docs/deployment.md","PASS","true","NOT_RUN","false","Mapping PASS only; does not assert feature implementation, Lean verification or human review"
"47","FORMAL RESEARCH AGENDA","1574","39a0ab007c633d2066f6370c7b01a7c2aa5fa6cb6db672a0bad0c436f7dffacb","研究议程均为候选研究，不是既成贡献。","M","Full original Master read and mapped; Roadmap provides phase refinements","e3ff6b57f67b198f81cb8234aa835c9e5bf1c12c4c6a5a3763a8c60074141619","P09-A;P09-B;P09-C;P09-D;P09-E;P09-F;P09-G;P09-H","9","research/phase-9/;research/phase-9/index.md","PASS","true","NOT_RUN","false","Mapping PASS only; does not assert feature implementation, Lean verification or human review"
"48","RESEARCH PROGRAM A — ARGUMENT-FAITHFUL PROOF ALIGNMENT","1582","aaf4e0a11e372ea1d5751e44351ccf5773b899acccfde8b4157d0fea1132ce18","A：60定理300人类步骤，建议30/10/20划分，两人独立封存标注；macroF1≥.90且较最强可复现基线绝对提升≥.05。","M","Full original Master read and mapped; Roadmap provides phase refinements","e3ff6b57f67b198f81cb8234aa835c9e5bf1c12c4c6a5a3763a8c60074141619","P09-A","9","research/phase-9/;research/phase-9/index.md","PASS","true","NOT_RUN","false","Mapping PASS only; does not assert feature implementation, Lean verification or human review"
"49","RESEARCH PROGRAM B — PROOF-CARRYING GRAPH EDITING","1627","d403975e93d5c349fbff7ce486ab51758ddbadbbb1c4ca167b3b868e78303ea1","B：图操作可理解性与正确性，任务/修复/时间/往返，对照适当Lean编辑器；无比较不宣称教学优越。","M","Full original Master read and mapped; Roadmap provides phase refinements","e3ff6b57f67b198f81cb8234aa835c9e5bf1c12c4c6a5a3763a8c60074141619","P09-B","9","research/phase-9/;research/phase-9/index.md","PASS","true","NOT_RUN","false","Mapping PASS only; does not assert feature implementation, Lean verification or human review"
"50","RESEARCH PROGRAM C — CERTIFIED MULTISCALE PROOF ABSTRACTION","1649","c5876e51bbd26db995353c91aebda0321ecd7b703c937dc2678ce2a8800cfe5e","C：多尺度压缩测边界/上下文/恢复/对齐/人类理解/来源，每压缩点可返回正式证据。","M","Full original Master read and mapped; Roadmap provides phase refinements","e3ff6b57f67b198f81cb8234aa835c9e5bf1c12c4c6a5a3763a8c60074141619","P09-C","9","research/phase-9/;research/phase-9/index.md","PASS","true","NOT_RUN","false","Mapping PASS only; does not assert feature implementation, Lean verification or human review"
"51","RESEARCH PROGRAM D — COUNTERFACTUAL HYPOTHESIS ANALYSIS","1670","7cddf3ba3d75dbdc37a764a462aec82e4376a3de9b9876f860a1312336353b84","D：至少10弱化注册实验，固定原陈述/候选/空间/预算/分类/形式证据，不无界称最小。","M","Full original Master read and mapped; Roadmap provides phase refinements","e3ff6b57f67b198f81cb8234aa835c9e5bf1c12c4c6a5a3763a8c60074141619","P09-D","9","research/phase-9/;research/phase-9/index.md","PASS","true","NOT_RUN","false","Mapping PASS only; does not assert feature implementation, Lean verification or human review"
"52","RESEARCH PROGRAM E — VERIFIED ABSTRACTION DISCOVERY","1697","8ed41e7440fa7c9905db09948403e5d05c39601f50ed9b67ed0147da278bfa2a","E：一般定理检查及至少三原定理导出，保留例可得时测试；重构/再发现/新颖性分开。","M","Full original Master read and mapped; Roadmap provides phase refinements","e3ff6b57f67b198f81cb8234aa835c9e5bf1c12c4c6a5a3763a8c60074141619","P09-E","9","research/phase-9/;research/phase-9/index.md","PASS","true","NOT_RUN","false","Mapping PASS only; does not assert feature implementation, Lean verification or human review"
"53","RESEARCH PROGRAM F — CROSS-THEORY THEOREM TRANSPORT","1734","1b9a52b6df2feece58645d13eb07ca2d589848ae3eedeaf04081c5e2c3a3664e","F：每成功传输有源目标定理/形式接口/保持假设/传输证明/结果。","M","Full original Master read and mapped; Roadmap provides phase refinements","e3ff6b57f67b198f81cb8234aa835c9e5bf1c12c4c6a5a3763a8c60074141619","P09-F","9","research/phase-9/;research/phase-9/index.md","PASS","true","NOT_RUN","false","Mapping PASS only; does not assert feature implementation, Lean verification or human review"
"54","RESEARCH PROGRAM G — FORMAL LIBRARY / EXPOSITION CO-EVOLUTION","1755","1547531d7b82c858955c714789ef95db1d1188a548096b493e8f183f54ad3e81","G：受控变异测失效召回/误报/修复/人工维护时间；编译通过也可能解释失效。","M","Full original Master read and mapped; Roadmap provides phase refinements","e3ff6b57f67b198f81cb8234aa835c9e5bf1c12c4c6a5a3763a8c60074141619","P09-G","9","research/phase-9/;research/phase-9/index.md","PASS","true","NOT_RUN","false","Mapping PASS only; does not assert feature implementation, Lean verification or human review"
"55","RESEARCH PROGRAM H — VERIFIED PEDAGOGY","1778","374a8e4889cf2014001b343c057b5d445e8da152e68b055205944e8c7ea18f77","H：近远迁移、重建、假设识别、修复和延迟保持，有明确对照，不用停留时间替代。","M","Full original Master read and mapped; Roadmap provides phase refinements","e3ff6b57f67b198f81cb8234aa835c9e5bf1c12c4c6a5a3763a8c60074141619","P09-H","9","research/phase-9/;research/phase-9/index.md","PASS","true","NOT_RUN","false","Mapping PASS only; does not assert feature implementation, Lean verification or human review"
"56","RELATED-WORK DISCIPLINE","1801","0259142a25d58007acdaaa84bb4882e80a3ed9fe4bcbeafc6c65a580e23a189c","新颖性前查文献软件；每贡献记录问题/最邻近工作/相同差别/基线/声明/所需证据/状态。","M","Full original Master read and mapped; Roadmap provides phase refinements","e3ff6b57f67b198f81cb8234aa835c9e5bf1c12c4c6a5a3763a8c60074141619","P09-A;P09-B;P09-C;P09-D;P09-E;P09-F;P09-G;P09-H","9","research/phase-9/;research/phase-9/index.md","PASS","true","NOT_RUN","false","Mapping PASS only; does not assert feature implementation, Lean verification or human review"
"57","EPISTEMIC STATUS MODEL","1847","fd704ff5f97d450e5252c06cd594f4ae7fdf33d3dfe619589b619606a8f168c0","认识状态区分已验证、仅陈述、作者/审阅、AI生成/猜测、研究候选、未解/陈旧/拒绝。","M","Full original Master read and mapped; Roadmap provides phase refinements","e3ff6b57f67b198f81cb8234aa835c9e5bf1c12c4c6a5a3763a8c60074141619","P02-05;P05-05;GLOBAL-EPISTEMIC","2;5","formal/;schemas/;data/formal/;docs/verification-policy.md;data/alignments/;tests/alignment/;tests/versioning/;docs/alignment-policy.md","PASS","true","NOT_RUN","false","Mapping PASS only; does not assert feature implementation, Lean verification or human review"
"58","EVIDENCE MODEL","1872","9dda29f7ce79f7f7ac6324c0c3296b3b558cfdad690e542a698b3a5f347fe80d","每重要声明有证据、环境、版本、时间与假设，不只verified布尔值。","M","Full original Master read and mapped; Roadmap provides phase refinements","e3ff6b57f67b198f81cb8234aa835c9e5bf1c12c4c6a5a3763a8c60074141619","P02-01;P02-06;GLOBAL-EVIDENCE","0;2","docs/current-state.md;docs/assumptions.md;docs/architecture-plan.md;docs/acceptance-criteria.md;docs/phases/phase-00/acceptance.json;formal/;schemas/;data/formal/;docs/verification-policy.md","PASS","true","NOT_RUN","false","Mapping PASS only; does not assert feature implementation, Lean verification or human review"
"59","COMPLETION STATUS CONTRACT","1910","49d3f6f8d148847e5bf1b3f73cd2ca7f4cc491ae0eb8f2b4dfcb2640bb7653bc","五种完成状态；不能凭预期或阻塞伪造PASS。","M","Full original Master read and mapped; Roadmap provides phase refinements","e3ff6b57f67b198f81cb8234aa835c9e5bf1c12c4c6a5a3763a8c60074141619","GLOBAL-STATUS;P00-04","0;1;2;3;4;5;6;7;8;9;10","docs/current-state.md;docs/assumptions.md;docs/architecture-plan.md;docs/acceptance-criteria.md;docs/phases/phase-00/acceptance.json;ontology/math_outline.md;ontology/math_registry.json;ontology/audit.json;formal/;schemas/;data/formal/;docs/verification-policy.md;data/visual-slice/;tests/navigation/;benchmarks/visual/;notes/benchmark-12/;data/notes/;benchmarks/notes/manifest.json;reviews/notes/;data/alignments/;tests/alignment/;tests/versioning/;docs/alignment-policy.md;tests/live-edit/;tests/race/;tests/sandbox/;benchmarks/lean-latency/;docs/security-boundary.md;docs/graph-prove-supported-subset.md;benchmarks/graph-prove/operations/;benchmarks/graph-prove/roundtrip/;docs/bourbaki-analysis.md;analysis/dependency-report.json;experiments/hypothesis-weakening/;analysis/abstraction-candidates.json;research/phase-9/;research/phase-9/index.md;benchmarks/scale/;docs/scale-report.md;docs/release-gate.md;docs/deployment.md","PASS","true","NOT_RUN","false","Mapping PASS only; does not assert feature implementation, Lean verification or human review"
"60","ACCEPTANCE-REPORT FORMAT","1954","c47aa5f11bd56bfafbd50d34a1bc8c1366c007d3c0f049620ca479f4204319eb","机器验收报告包含目标/用户任务/工件/指标/门槛/环境/实测/证据/限制/状态。","M","Full original Master read and mapped; Roadmap provides phase refinements","e3ff6b57f67b198f81cb8234aa835c9e5bf1c12c4c6a5a3763a8c60074141619","P00-04;P00-05;GLOBAL-REPORT","0;1;2;3;4;5;6;7;8;9;10","docs/current-state.md;docs/assumptions.md;docs/architecture-plan.md;docs/acceptance-criteria.md;docs/phases/phase-00/acceptance.json;ontology/math_outline.md;ontology/math_registry.json;ontology/audit.json;formal/;schemas/;data/formal/;docs/verification-policy.md;data/visual-slice/;tests/navigation/;benchmarks/visual/;notes/benchmark-12/;data/notes/;benchmarks/notes/manifest.json;reviews/notes/;data/alignments/;tests/alignment/;tests/versioning/;docs/alignment-policy.md;tests/live-edit/;tests/race/;tests/sandbox/;benchmarks/lean-latency/;docs/security-boundary.md;docs/graph-prove-supported-subset.md;benchmarks/graph-prove/operations/;benchmarks/graph-prove/roundtrip/;docs/bourbaki-analysis.md;analysis/dependency-report.json;experiments/hypothesis-weakening/;analysis/abstraction-candidates.json;research/phase-9/;research/phase-9/index.md;benchmarks/scale/;docs/scale-report.md;docs/release-gate.md;docs/deployment.md","PASS","true","NOT_RUN","false","Mapping PASS only; does not assert feature implementation, Lean verification or human review"
"61","IMPLEMENTATION ARCHITECTURE","1985","6ae390c0533b34a773d612fcd53d595ed941de74ec9a97be9790b64a5d6c4ce7","本体、查询、布局、渲染、Lean、抽取、对齐、GraphProve、文档等显式契约分层。","M","Full original Master read and mapped; Roadmap provides phase refinements","e3ff6b57f67b198f81cb8234aa835c9e5bf1c12c4c6a5a3763a8c60074141619","P00-03;P02-02;P05-06;P07-04","0;2;5;7","docs/current-state.md;docs/assumptions.md;docs/architecture-plan.md;docs/acceptance-criteria.md;docs/phases/phase-00/acceptance.json;formal/;schemas/;data/formal/;docs/verification-policy.md;data/alignments/;tests/alignment/;tests/versioning/;docs/alignment-policy.md;docs/graph-prove-supported-subset.md;benchmarks/graph-prove/operations/;benchmarks/graph-prove/roundtrip/","PASS","true","NOT_RUN","false","Mapping PASS only; does not assert feature implementation, Lean verification or human review"
"62","FRONTEND RENDERING PRINCIPLE","2023","49c2fad391c48cbfbb53003d98aeeaabf6012bc2e787216c9b1b919ddbefd25e","GPU动态世界与DOM数学阅读，调查现行图形工具兼容性，不因流行选库。","M","Full original Master read and mapped; Roadmap provides phase refinements","e3ff6b57f67b198f81cb8234aa835c9e5bf1c12c4c6a5a3763a8c60074141619","P00-03;P03-04;P03-06","0;3","docs/current-state.md;docs/assumptions.md;docs/architecture-plan.md;docs/acceptance-criteria.md;docs/phases/phase-00/acceptance.json;data/visual-slice/;tests/navigation/;benchmarks/visual/","PASS","true","NOT_RUN","false","Mapping PASS only; does not assert feature implementation, Lean verification or human review"
"63","2.5D BEFORE GRATUITOUS 3D","2059","1021b96a3fc8bd461a6f49bb73aa1ee150dae168265ae22ecdd03a7d3a062e3c","默认2.5D语义层次，全3D须有语义价值；不可读星系失败。","M","Full original Master read and mapped; Roadmap provides phase refinements","e3ff6b57f67b198f81cb8234aa835c9e5bf1c12c4c6a5a3763a8c60074141619","P03-01;P03-02;P03-06","3","data/visual-slice/;tests/navigation/;benchmarks/visual/","PASS","true","NOT_RUN","false","Mapping PASS only; does not assert feature implementation, Lean verification or human review"
"64","NEGATIVE VISUAL CONSTRAINTS","2083","50d6cbe7c3b93b9487d83df02ac746921383d0a82e3aa85e072e46f230dc0beb","避免卡片仪表盘、玻璃/霓虹/粒子/无义运动、固定主题栏主导、巨hero/SaaS；动画须传达结构。","M","Full original Master read and mapped; Roadmap provides phase refinements","e3ff6b57f67b198f81cb8234aa835c9e5bf1c12c4c6a5a3763a8c60074141619","GLOBAL-NONGOALS;P03-01;P03-06","0;3","docs/current-state.md;docs/assumptions.md;docs/architecture-plan.md;docs/acceptance-criteria.md;docs/phases/phase-00/acceptance.json;data/visual-slice/;tests/navigation/;benchmarks/visual/","PASS","true","NOT_RUN","true","Current user explicitly requested topic/sidebar filters; C-UI permits secondary controls without replacing continuous focus. Phase3 must verify this distinction."
"65","GREENFIELD TECHNOLOGY DECISION","2115","2ab565c4ed683c42e2a37f4bdd081fac53f023951efda334722677f316acea9d","空仓先ADR后切片；已有实现先审计并复用，不为偏好重写。","M","Full original Master read and mapped; Roadmap provides phase refinements","e3ff6b57f67b198f81cb8234aa835c9e5bf1c12c4c6a5a3763a8c60074141619","P00-02;P00-03","0","docs/current-state.md;docs/assumptions.md;docs/architecture-plan.md;docs/acceptance-criteria.md;docs/phases/phase-00/acceptance.json","PASS","true","NOT_RUN","false","Mapping PASS only; does not assert feature implementation, Lean verification or human review"
"66","DEVELOPMENT PHASES","2146","51d24fca615f220813b0d332ff41ae47775c047246d1f51e2e83f926b4430d52","Phase0–10逐阶段，以真实前置验收进入；覆盖审计→地图→形式→视觉→笔记→对齐→编辑→图证→分析→研究→扩展。","M","Full original Master read and mapped; Roadmap provides phase refinements","e3ff6b57f67b198f81cb8234aa835c9e5bf1c12c4c6a5a3763a8c60074141619","P00-01;P00-04;GLOBAL-PHASE-GATES","0;1;2;3;4;5;6;7;8;9;10","docs/current-state.md;docs/assumptions.md;docs/architecture-plan.md;docs/acceptance-criteria.md;docs/phases/phase-00/acceptance.json;ontology/math_outline.md;ontology/math_registry.json;ontology/audit.json;formal/;schemas/;data/formal/;docs/verification-policy.md;data/visual-slice/;tests/navigation/;benchmarks/visual/;notes/benchmark-12/;data/notes/;benchmarks/notes/manifest.json;reviews/notes/;data/alignments/;tests/alignment/;tests/versioning/;docs/alignment-policy.md;tests/live-edit/;tests/race/;tests/sandbox/;benchmarks/lean-latency/;docs/security-boundary.md;docs/graph-prove-supported-subset.md;benchmarks/graph-prove/operations/;benchmarks/graph-prove/roundtrip/;docs/bourbaki-analysis.md;analysis/dependency-report.json;experiments/hypothesis-weakening/;analysis/abstraction-candidates.json;research/phase-9/;research/phase-9/index.md;benchmarks/scale/;docs/scale-report.md;docs/release-gate.md;docs/deployment.md","PASS","true","NOT_RUN","false","Mapping PASS only; does not assert feature implementation, Lean verification or human review"
"67","FIRST VERTICAL-SLICE DEFINITION OF DONE","2254","c1182b39591d94308ccf6996c082a30a9dba1afc579ea9ed03bc173989130137","集成完成须原文步骤→Lean/真实状态→图→编辑实检→恢复作者且身份状态版本一致。","M","Full original Master read and mapped; Roadmap provides phase refinements","e3ff6b57f67b198f81cb8234aa835c9e5bf1c12c4c6a5a3763a8c60074141619","P06-05;P07-06","6;7","tests/live-edit/;tests/race/;tests/sandbox/;benchmarks/lean-latency/;docs/security-boundary.md;docs/graph-prove-supported-subset.md;benchmarks/graph-prove/operations/;benchmarks/graph-prove/roundtrip/","PASS","true","NOT_RUN","false","Mapping PASS only; does not assert feature implementation, Lean verification or human review"
"68","FIRST VISUAL-SLICE DEFINITION OF DONE","2294","e1226fd469fa96a1604eb554e5bca2f3850818c25f79bb5480598b749450200f","视觉完成须同空间连续重排、旧新语境、语义深入、视角不改真值，录像可辨层次与连续性。","M","Full original Master read and mapped; Roadmap provides phase refinements","e3ff6b57f67b198f81cb8234aa835c9e5bf1c12c4c6a5a3763a8c60074141619","P03-01;P03-02;P03-03;P03-05","3","data/visual-slice/;tests/navigation/;benchmarks/visual/","PASS","true","NOT_RUN","false","Mapping PASS only; does not assert feature implementation, Lean verification or human review"
"69","FIRST FORMAL-SLICE DEFINITION OF DONE","2323","3bf70bf15691e59f3f4388fa5a0508e092c385ca96d41b4aeacec140faa5e5ee","形式切片必须读取真实Lean工件和依赖，AI推断漂亮图不算。","M","Full original Master read and mapped; Roadmap provides phase refinements","e3ff6b57f67b198f81cb8234aa835c9e5bf1c12c4c6a5a3763a8c60074141619","P02-01;P02-03;P02-04","2","formal/;schemas/;data/formal/;docs/verification-policy.md","PASS","true","NOT_RUN","false","Mapping PASS only; does not assert feature implementation, Lean verification or human review"
"70","FAILURE CONDITIONS","2331","cd22d213ed7f381d6012bb5066566f6e465f244e5052b301abeedcaf32327dd0","假诊断/错验证/策略替换/候选混同/假图/造前沿/作者归属错/陈旧/越权/漏失败均触发失败。","M","Full original Master read and mapped; Roadmap provides phase refinements","e3ff6b57f67b198f81cb8234aa835c9e5bf1c12c4c6a5a3763a8c60074141619","GLOBAL-FAILURE;P02-05;P06-03;P07-07;P10-07","0;2;6;7;10","docs/current-state.md;docs/assumptions.md;docs/architecture-plan.md;docs/acceptance-criteria.md;docs/phases/phase-00/acceptance.json;formal/;schemas/;data/formal/;docs/verification-policy.md;tests/live-edit/;tests/race/;tests/sandbox/;benchmarks/lean-latency/;docs/security-boundary.md;docs/graph-prove-supported-subset.md;benchmarks/graph-prove/operations/;benchmarks/graph-prove/roundtrip/;benchmarks/scale/;docs/scale-report.md;docs/release-gate.md;docs/deployment.md","PASS","true","NOT_RUN","false","Mapping PASS only; does not assert feature implementation, Lean verification or human review"
"71","CODING DISCIPLINE","2353","4d4d337b7230540c2e229a4c8e39029718ae45603d13bde8fdf729384ec934ff","小切片、类型契约、来源、迁移、隔离、状态可观察、可重放测试，避免投机大重写。","M","Full original Master read and mapped; Roadmap provides phase refinements","e3ff6b57f67b198f81cb8234aa835c9e5bf1c12c4c6a5a3763a8c60074141619","P00-03;P02-02;P05-04;P06-02","0;2;5;6","docs/current-state.md;docs/assumptions.md;docs/architecture-plan.md;docs/acceptance-criteria.md;docs/phases/phase-00/acceptance.json;formal/;schemas/;data/formal/;docs/verification-policy.md;data/alignments/;tests/alignment/;tests/versioning/;docs/alignment-policy.md;tests/live-edit/;tests/race/;tests/sandbox/;benchmarks/lean-latency/;docs/security-boundary.md","PASS","true","NOT_RUN","false","Mapping PASS only; does not assert feature implementation, Lean verification or human review"
"72","RESEARCH DISCIPLINE","2376","bc1b6e06ac647838b43c92da518a5af2eff4fdee3f3643de4d30b12a9db51880","变化事实与研究必须实查权威来源，不幻觉文献/创新优先权。","M","Full original Master read and mapped; Roadmap provides phase refinements","e3ff6b57f67b198f81cb8234aa835c9e5bf1c12c4c6a5a3763a8c60074141619","P00-03;P01-03;P01-04;P09-A","0;1;9","docs/current-state.md;docs/assumptions.md;docs/architecture-plan.md;docs/acceptance-criteria.md;docs/phases/phase-00/acceptance.json;ontology/math_outline.md;ontology/math_registry.json;ontology/audit.json;research/phase-9/;research/phase-9/index.md","PASS","true","NOT_RUN","false","Mapping PASS only; does not assert feature implementation, Lean verification or human review"
"73","MATHEMATICAL DISCIPLINE","2392","544e7f17e4a6529cc6b513e82eafe978a07b8c6739c533d1e26db584d6273654","相似度/聚类/置信/距离只产候选，数学主张需形式证明或恰当证据。","M","Full original Master read and mapped; Roadmap provides phase refinements","e3ff6b57f67b198f81cb8234aa835c9e5bf1c12c4c6a5a3763a8c60074141619","GLOBAL-EPISTEMIC;P08-03;P09-E","0;8;9","docs/current-state.md;docs/assumptions.md;docs/architecture-plan.md;docs/acceptance-criteria.md;docs/phases/phase-00/acceptance.json;docs/bourbaki-analysis.md;analysis/dependency-report.json;experiments/hypothesis-weakening/;analysis/abstraction-candidates.json;research/phase-9/;research/phase-9/index.md","PASS","true","NOT_RUN","false","Mapping PASS only; does not assert feature implementation, Lean verification or human review"
"74","AI ROLE","2410","47595d32d099e16955b39bb737136fee2f2e1e7f58f6db2d13fe8a8ea9bbd64c","AI辅助搜索分类对齐与建议，Lean核验形式，人类审阅意义；候选不能静默升级。","M","Full original Master read and mapped; Roadmap provides phase refinements","e3ff6b57f67b198f81cb8234aa835c9e5bf1c12c4c6a5a3763a8c60074141619","GLOBAL-REVIEW;P04-03;P05-05;P09-A","0;4;5;9","docs/current-state.md;docs/assumptions.md;docs/architecture-plan.md;docs/acceptance-criteria.md;docs/phases/phase-00/acceptance.json;notes/benchmark-12/;data/notes/;benchmarks/notes/manifest.json;reviews/notes/;data/alignments/;tests/alignment/;tests/versioning/;docs/alignment-policy.md;research/phase-9/;research/phase-9/index.md","PASS","true","NOT_RUN","false","Mapping PASS only; does not assert feature implementation, Lean verification or human review"
"75","PROJECT NORTH STAR","2443","0c0a77ffabb3a4e28f9d0310575eeebdad50de57589144c419530d0b656b6fda","长期双向从领域到形式工件并保留身份来源，从模式到一般定理/验证/重构，目标不是既有能力。","M","Full original Master read and mapped; Roadmap provides phase refinements","e3ff6b57f67b198f81cb8234aa835c9e5bf1c12c4c6a5a3763a8c60074141619","P08-03;P09-E;P10-07","8;9;10","docs/bourbaki-analysis.md;analysis/dependency-report.json;experiments/hypothesis-weakening/;analysis/abstraction-candidates.json;research/phase-9/;research/phase-9/index.md;benchmarks/scale/;docs/scale-report.md;docs/release-gate.md;docs/deployment.md","PASS","true","NOT_RUN","false","Mapping PASS only; does not assert feature implementation, Lean verification or human review"
"76","IMMEDIATE EXECUTION INSTRUCTION","2502","cac6e571d56c0c73e890852edd5ac2528b00afe1bf1ca28586bbc6d599721ea2","先审计/四文档/可验收目标，原文要求随后Phase1；路线图按用户指定阶段停止并交接。","M","Full original Master read and mapped; Roadmap provides phase refinements","e3ff6b57f67b198f81cb8234aa835c9e5bf1c12c4c6a5a3763a8c60074141619","P00-01;P00-05;P01-01;GLOBAL-SCOPE","0;1","docs/current-state.md;docs/assumptions.md;docs/architecture-plan.md;docs/acceptance-criteria.md;docs/phases/phase-00/acceptance.json;ontology/math_outline.md;ontology/math_registry.json;ontology/audit.json","PASS","true","NOT_RUN","false","Roadmap/user per-phase scope supersedes automatic indefinite continuation. Current user authorized Phase0 and Phase1 only."
"77","FINAL STANDARD","2550","041c3b2f680a4eaed1f35433701bb4342fcccd241482d777f7cfd66f41d7293c","最终三转换：人类↔已验证形式、证明↔可导航结构、局部↔全局；缺一仍为中间原型。","M","Full original Master read and mapped; Roadmap provides phase refinements","e3ff6b57f67b198f81cb8234aa835c9e5bf1c12c4c6a5a3763a8c60074141619","P07-06;P10-07","7;10","docs/graph-prove-supported-subset.md;benchmarks/graph-prove/operations/;benchmarks/graph-prove/roundtrip/;benchmarks/scale/;docs/scale-report.md;docs/release-gate.md;docs/deployment.md","PASS","true","NOT_RUN","false","Mapping PASS only; does not assert feature implementation, Lean verification or human review"
